[
	{
		"name" : "500px",
		"hex" : "444444",
		"credit" : "500px"
	},
	{
		"name" : "A List Apart",
		"hex" : "222222",
		"credit" : "A List Apart"
	},
	{
		"name" : "About.me",
		"hex" : "00405D",
		"credit" : "AOL Inc."
	},
	{
		"name" : "AIM",
		"hex" : "F2D523",
		"credit" : "Alex Peattie"
	},
	{
		"name" : "Amazon",
		"hex" : "FF9900",
		"credit" : "Alex Peattie"
	},
	{
		"name" : "Amazon Wishlist",
		"hex" : "FF9900",
		"credit" : "Amazon"
	},
	{
		"name" : "Android",
		"hex" : "A4C639",
		"credit" : "Google, Inc"
	},
	{
		"name" : "AngelList",
		"hex" : "000000",
		"credit" : "AngelList"
	},
	{
		"name" : "App Dot Net",
		"hex" : "898D90",
		"credit" : "App.net"
	},
	{
		"name" : "Apple",
		"hex" : "B9BFC1",
		"credit" : "Alex Peattie"
	},
	{
		"name" : "Audioboo",
		"hex" : "AE006E",
		"credit" : "Audioboo"
	},
	{
		"name" : "AWS",
		"hex" : "FF9900",
		"credit" : "Amazon, Inc."
	},
	{
		"name" : "Basecamp",
		"hex" : "66AD4E",
		"credit" : "37signals"
	},
	{
		"name" : "Bebo",
		"hex" : "EE1010",
		"credit" : "Bebo"
	},
	{
		"name" : "Behance",
		"hex" : "1769FF",
		"credit" : "Alex Peattie"
	},
	{
		"name" : "Bitbucket",
		"hex" : "205081",
		"credit" : "Atlassian"
	},
	{
		"name" : "Bitly",
		"hex" : "ED6022",
		"credit" : "Bitly"
	},
	{
		"name" : "Blip",
		"hex" : "FF1919",
		"credit" : "Blip"
	},
	{
		"name" : "Blogger",
		"hex" : "F57D00",
		"credit" : "Google, Inc."
	},
	{
		"name" : "Bootstrap",
		"hex" : "0088CC",
		"credit" : "N/A"
	},
	{
		"name" : "Codepen",
		"hex" : "231F20",
		"credit" : "Codepen"
	},
	{
		"name" : "Code School",
		"hex" : "C68044",
		"credit" : "Code School LLC"
	},
	{
		"name" : "Codecademy",
		"hex" : "0088CC",
		"credit" : "Codecademy"
	},
	{
		"name" : "coderbits",
		"hex" : "F16522",
		"credit" : "coderbits"
	},
	{
		"name" : "Coderwall",
		"hex" : "3E8DCC",
		"credit" : "Coderwall"
	},
	{
		"name" : "Conservatives",
		"hex" : "0087DC",
		"credit" : "Conservatives"
	},
	{
		"name" : "Coursera",
		"hex" : "3A6D8E",
		"credit" : "Coursera"
	},
	{
		"name" : "CSS3",
		"hex" : "0092BF",
		"credit" : "W3C"
	},
	{
		"name" : "Delicious",
		"hex" : "3274D1",
		"credit" : "Delicious"
	},
	{
		"name" : "Designer News",
		"hex" : "1C52A2",
		"credit" : "Layer Vault"
	},
	{
		"name" : "DeviantART",
		"hex" : "4B5D50",
		"credit" : "???"
	},
	{
		"name" : "Digg",
		"hex" : "14589E",
		"credit" : "Alex Peattie"
	},
	{
		"name" : "Disqus",
		"hex" : "2E9FFF",
		"credit" : "Disqus"
	},
	{
		"name" : "Dribbble",
		"hex" : "EA4C89",
		"credit" : "Dribbble LLC"
	},
	{
		"name" : "Dropbox",
		"hex" : "2281CF",
		"credit" : "Dropbox Inc."
	},
	{
		"name" : "Drupal",
		"hex" : "0077C0",
		"credit" : "Drupal"
	},
	{
		"name" : "Ebay",
		"hex" : "0064D2",
		"credit" : "???"
	},
	{
		"name" : "Envato",
		"hex" : "528036",
		"credit" : "Envato"
	},
	{
		"name" : "Event Store",
		"hex" : "6BA300",
		"credit" : "Dan Leech"
	},
	{
		"name" : "Eventbrite",
		"hex" : "F3844C",
		"credit" : "Eventbrite"
	},
	{
		"name" : "Evernote",
		"hex" : "6BB130",
		"credit" : "Evernote Corporation"
	},
	{
		"name" : "exfm",
		"hex" : "0097F8",
		"credit" : "Extension Entertainment Inc."
	},
	{
		"name" : "Facebook",
		"hex" : "3B5998",
		"credit" : "Facebook, Inc."
	},
	{
		"name" : "Flattr",
		"hex" : "F67C1A",
		"credit" : "Flattr"
	},
	{
		"name" : "Flickr",
		"hex" : "0063DB",
		"credit" : "???"
	},
	{
		"name" : "Formspring",
		"hex" : "0076C0",
		"credit" : "Formspring"
	},
	{
		"name" : "Forrst",
		"hex" : "5B9A68",
		"credit" : "Forrst"
	},
	{
		"name" : "Foursquare",
		"hex" : "2398C9",
		"credit" : "Foursquare"
	},
	{
		"name" : "Geeklist",
		"hex" : "8CC63E",
		"credit" : "Geeklist Inc."
	},
	{
		"name" : "GitHub",
		"hex" : "4183C4",
		"credit" : "GitHub, Inc."
	},
	{
		"name" : "Gmail",
		"hex" : "DD4B39",
		"credit" : "???"
	},
	{
		"name" : "Goodreads",
		"hex" : "5A471B",
		"credit" : "Goodreads Inc"
	},
	{
		"name" : "Google",
		"hex" : "245DC1",
		"credit" : "Alex Peattie"
	},
	{
		"name" : "Google Plus",
		"hex" : "D14836",
		"credit" : "Sean McCabe, Bold Perspective"
	},
	{
		"name" : "GOV.UK",
		"hex" : "231F20",
		"credit" : "Government Digital Service"
	},
	{
		"name" : "Gravatar",
		"hex" : "1E8CBE",
		"credit" : "Automattic"
	},
	{
		"name" : "Grooveshark",
		"hex" : "000000",
		"credit" : "Grooveshark"
	},
	{
		"name" : "Hacker News",
		"hex" : "FF6600",
		"credit" : "Alex Peattie"
	},
	{
		"name" : "Heroku",
		"hex" : "6762A6",
		"credit" : "Heroku"
	},
	{
		"name" : "HTML5",
		"hex" : "F06529",
		"credit" : "W3C"
	},
	{
		"name" : "IMDb",
		"hex" : "F3CE00",
		"credit" : "IMDb.com, Inc."
	},
	{
		"name" : "Instagram",
		"hex" : "3F729B",
		"credit" : "Instagram"
	},
	{
		"name" : "jQuery",
		"hex" : "0867AB",
		"credit" : "jQuery Foundation"
	},
	{
		"name" : "jQuery UI",
		"hex" : "FEA620",
		"credit" : "jQuery Foundation"
	},
	{
		"name" : "JSDB",
		"hex" : "DA320B",
		"credit" : "JSDB"
	},
	{
		"name" : "jsFiddle",
		"hex" : "4679A4",
		"credit" : "jsFiddle"
	},
	{
		"name" : "JustGiving",
		"hex" : "78256D",
		"credit" : "JustGiving"
	},
	{
		"name" : "Khan Academy",
		"hex" : "9DB63B",
		"credit" : "Khan Academy"
	},
	{
		"name" : "Kickstarter",
		"hex" : "87C442",
		"credit" : "Kickstarter, Inc."
	},
	{
		"name" : "kik",
		"hex" : "87C541",
		"credit" : "kik"
	},
	{
		"name" : "Klout",
		"hex" : "E24A25",
		"credit" : "???"
	},
	{
		"name" : "Labour",
		"hex" : "C41230",
		"credit" : "Labour"
	},
	{
		"name" : "Laravel",
		"hex" : "FB502B",
		"credit" : "Laravel"
	},
	{
		"name" : "Last.fm",
		"hex" : "D51007",
		"credit" : "Last.fm Ltd"
	},
	{
		"name" : "Layer Vault",
		"hex" : "26AE90",
		"credit" : "Layer Vault"
	},
	{
		"name" : "Letterboxd",
		"hex" : "2C3641",
		"credit" : "Letterboxd"
	},
	{
		"name" : "Liberal Democrats",
		"hex" : "F7B135",
		"credit" : "Liberal Democrats"
	},
	{
		"name" : "LinkedIn",
		"hex" : "007FB1",
		"credit" : "Alex Peattie"
	},
	{
		"name" : "LiveJournal",
		"hex" : "195397",
		"credit" : "LiveJournal, Inc"
	},
	{
		"name" : "Media Temple",
		"hex" : "000000",
		"credit" : "Media Temple"
	},
	{
		"name" : "Mendeley",
		"hex" : "B61F2F",
		"credit" : "Mendeley"
	},
	{
		"name" : "Microformats",
		"hex" : "8CC319",
		"credit" : "Microformats"
	},
	{
		"name" : "Modernizr",
		"hex" : "D81A76",
		"credit" : "Modernizr"
	},
	{
		"name" : "MySpace",
		"hex" : "008DDE",
		"credit" : "???"
	},
	{
		"name" : "MySQL",
		"hex" : "007597",
		"credit" : "MySQL"
	},
	{
		"name" : "National Rail",
		"hex" : "003366",
		"credit" : "National Rail"
	},
	{
		"name" : "Newsvine",
		"hex" : "075B2F",
		"credit" : "Newsvine, Inc"
	},
	{
		"name" : "Office",
		"hex" : "EB3C00",
		"credit" : "???"
	},
	{
		"name" : "Orkut",
		"hex" : "ED2590",
		"credit" : "Google, Inc."
	},
	{
		"name" : "Outlook",
		"hex" : "0072C6",
		"credit" : "???"
	},
	{
		"name" : "Path",
		"hex" : "E41F11",
		"credit" : "Alex Peattie"
	},
	{
		"name" : "Picasa",
		"hex" : "4B5D5F",
		"credit" : "Google, Inc."
	},
	{
		"name" : "Pocket",
		"hex" : "EF4056",
		"credit" : "Pocket"
	},
	{
		"name" : "PHP",
		"hex" : "6181B6",
		"credit" : "The PHP Group"
	},
	{
		"name" : "Pinboard",
		"hex" : "0000FF",
		"credit" : "Alex Peattie"
	},
	{
		"name" : "Pingup",
		"hex" : "00B1AB",
		"credit" : "Pingup"
	},
	{
		"name" : "Pinterest",
		"hex" : "CB2027",
		"credit" : "Pinterest, Inc."
	},
	{
		"name" : "Proto.io",
		"hex" : "40C8F4",
		"credit" : "Proto.io"
	},
	{
		"name" : "Quora",
		"hex" : "A82400",
		"credit" : "Alex Peattie"
	},
	{
		"name" : "Rails",
		"hex" : "A62C39",
		"credit" : "???"
	},
	{
		"name" : "Rdio",
		"hex" : "006ED2",
		"credit" : "Rdio"
	},
	{
		"name" : "Readability",
		"hex" : "870000",
		"credit" : "Readability"
	},
	{
		"name" : "Readmill",
		"hex" : "052336",
		"credit" : "Readmill.com"
	},
	{
		"name" : "Reddit",
		"hex" : "FF4500",
		"credit" : "???"
	},
	{
		"name" : "RSS",
		"hex" : "FF8300",
		"credit" : "Alex Peattie"
	},
	{
		"name" : "Sina Weibo",
		"hex" : "E6162D",
		"credit" : "???"
	},
	{
		"name" : "SkyDrive",
		"hex" : "094AB1",
		"credit" : "???"
	},
	{
		"name" : "Skype",
		"hex" : "00AFF0",
		"credit" : "Alex Peattie"
	},
	{
		"name" : "SlideShare",
		"hex" : "009999",
		"credit" : "SlideShare Inc"
	},
	{
		"name" : "Smashing Magazine",
		"hex" : "E95C33",
		"credit" : "Smashing Magazine"
	},
	{
		"name" : "SoundCloud",
		"hex" : "FF6600",
		"credit" : "SoundCloud Ltd"
	},
	{
		"name" : "Spotify",
		"hex" : "80B719",
		"credit" : "Alex Peattie"
	},
	{
		"name" : "Squarespace",
		"hex" : "000000",
		"credit" : "Squarespace"
	},
	{
		"name" : "Stack Exchange",
		"hex" : "1F5196",
		"credit" : "Stack Exchange, Inc"
	},
	{
		"name" : "Stack Overflow",
		"hex" : "F47920",
		"credit" : "Stack Exchange, Inc"
	},
	{
		"name" : "Steam",
		"hex" : "000000",
		"credit" : "Valve Corporation"
	},
	{
		"name" : "StumbleUpon",
		"hex" : "EB4924",
		"credit" : "???"
	},
	{
		"name" : "Super User",
		"hex" : "2DABE2",
		"credit" : "Stack Exchange, Inc"
	},
	{
		"name" : "TED",
		"hex" : "FF2B06",
		"credit" : "TED"
	},
	{
		"name" : "Trakt",
		"hex" : "222222",
		"credit" : "trakt"
	},
	{
		"name" : "Treehouse",
		"hex" : "7FA24C",
		"credit" : "Treehouse Island, Inc"
	},
	{
		"name" : "Trip Advisor",
		"hex" : "589442",
		"credit" : "???"
	},
	{
		"name" : "Tumblr",
		"hex" : "2C4762",
		"credit" : "Tumblr, Inc."
	},
	{
		"name" : "Twitch",
		"hex" : "6441A5",
		"credit" : "Justin.tv Inc."
	},
	{
		"name" : "Twitter",
		"hex" : "00ACED",
		"credit" : "Twitter, Inc."
	},
	{
		"name" : "TYPO3",
		"hex" : "FF8700",
		"credit" : "TYPO3"
	},
	{
		"name" : "Viadeo",
		"hex" : "F4982B",
		"credit" : "Viadeo"
	},
	{
		"name" : "Vimeo",
		"hex" : "44BBFF",
		"credit" : "Vimeo"
	},
	{
		"name" : "Vine",
		"hex" : "00A47A",
		"credit" : "Vine"
	},
	{
		"name" : "Visual Studio",
		"hex" : "68217A",
		"credit" : "???"
	},
	{
		"name" : "W3C",
		"hex" : "0066B0",
		"credit" : "W3C"
	},
	{
		"name" : "WhatsApp",
		"hex" : "64D448",
		"credit" : "WhatsApp Inc"
	},
	{
		"name" : "Wikipedia",
		"hex" : "000000",
		"credit" : "Wikipedia"
	},
	{
		"name" : "Windows",
		"hex" : "00BDF6",
		"credit" : "???"
	},
	{
		"name" : "WordPress",
		"hex" : "21759B",
		"credit" : "WordPress Foundation"
	},
	{
		"name" : "Xbox",
		"hex" : "107C10",
		"credit" : "Microsoft"
	},
	{
		"name" : "Xing",
		"hex" : "006567",
		"credit" : "Alex Peattie"
	},
	{
		"name" : "Yahoo!",
		"hex" : "731A8B",
		"credit" : "Alex Peattie"
	},
	{
		"name" : "Yelp",
		"hex" : "C93C27",
		"credit" : "???"
	},
	{
		"name" : "YouTube",
		"hex" : "CD332D",
		"credit" : "YouTube, LLC"
	},
	{
		"name" : "Zerply",
		"hex" : "9DBC7A",
		"credit" : "Alex Peattie"
	}
]